iter	BalancedAccuracy	Logloss
0	0.6383219955	0.6894158705
1	0.6621315193	0.6857073868
2	0.6961451247	0.6807898217
3	0.7188208617	0.6772665515
4	0.7176870748	0.6732682594
5	0.7335600907	0.6692642094
6	0.7369614512	0.6656627577
7	0.7494331066	0.6623579458
8	0.7437641723	0.6594667514
9	0.7392290249	0.6565762892
10	0.7448979592	0.6529452718
11	0.7562358277	0.6502987324
12	0.7641723356	0.6480430579
13	0.7766439909	0.6440556402
14	0.7732426304	0.6414217062
